{"indexes":[{"v":{"$numberInt":"2"},"key":{"_id":{"$numberInt":"1"}},"name":"_id_"},{"v":{"$numberInt":"2"},"key":{"slug":{"$numberInt":"1"}},"name":"slug_1","unique":true,"sparse":true},{"v":{"$numberInt":"2"},"key":{"authorId":{"$numberInt":"1"}},"name":"authorId_1"},{"v":{"$numberInt":"2"},"key":{"status":{"$numberInt":"1"}},"name":"status_1"},{"v":{"$numberInt":"2"},"key":{"createdAt":{"$numberInt":"-1"}},"name":"createdAt_-1"},{"v":{"$numberInt":"2"},"key":{"category":{"$numberInt":"1"}},"name":"category_1"}],"uuid":"aaf70696771c45ec9e4017bcc8340534","collectionName":"blogs","type":"collection"}